{"cameraMode":{"drawMode":0,"name":"Shaded","section":"Shading Mode"},"sceneLighting":true,"audioPlay":false,"sceneViewState":{"m_AlwaysRefresh":false,"showFog":true,"showSkybox":true,"showFlares":true,"showImageEffects":true,"showParticleSystems":true,"showVisualEffectGraphs":true,"m_FxEnabled":true},"in2DMode":false,"pivot":{"x":-20.4687442779541,"y":1.1627006530761719,"z":18.295095443725587},"rotation":{"x":-0.11994419991970062,"y":0.8443017601966858,"z":-0.21230316162109376,"w":-0.47730693221092226},"size":0.1545187085866928,"orthographic":false}